DeputyID,x,y,z,Party,majorPartiesColorMap,alternativeColorMap,Name,State,numVotes
74060,6.727078777,2.656125572,1.954776681,PCDOB,#a52121,#a35c3c,Daniel Almeida,BA,428
74062,-9.803670833,0.1002006947,3.821212046,DEM,#f08080,#5b1058,Fábio Souto,BA,428
74065,2.261405038,-4.191069046,-2.5469917,PMDB,#393b79,#393b79,Fátima Pelaes,AP,428
73466,-11.24891473,2.628685836,4.314001036,PPS,#666666,#666666,Rubens Bueno,PR,428
74665,-1.695243599,-0.8400207201,-0.9018014738,PSD,#660000,#660000,Jaime Martins,MG,428
121759,4.162381236,-3.409725036,0.1214993385,PMDB,#393b79,#393b79,Marllos Sampaio,PI,428
159238,-11.15906859,1.859611068,1.868642155,PSDB,#1f77b4,#e8105f,Marcus Pestana,MG,428
159237,8.60858108,3.495581278,0.652374738,PT,#d62728,#c8f442,Assis Carvalho,PI,428
89282,-9.723543366,8.004664492,2.191807406,PDT,#32cd32,#ed5915,Reguffe,DF,428
73943,4.900113452,1.888585388,0.5252484496,PCDOB,#a52121,#a35c3c,Perpétua Almeida,AC,428
73940,0.1309614421,1.461604753,5.934137108,PV,#e377c2,#e377c2,Henrique Afonso,AC,428
73463,4.816678315,-5.041498711,-0.2343378819,PMDB,#393b79,#393b79,Osmar Serraglio,PR,428
74833,-4.916738839,-1.305525491,0.3255320257,PSD,#660000,#660000,Arolde de Oliveira,RJ,428
4930,3.691157779,-1.315153387,-1.223700574,PSC,#8c564b,#8c564b,Silvio Costa,PE,428
74830,2.156345154,-2.543154386,-3.658733476,PMDB,#393b79,#393b79,Alexandre Santos,RJ,428
74212,0.9433846489,-1.391949542,-3.103366767,PMDB,#393b79,#393b79,Aníbal Gomes,CE,428
74838,3.858416432,-4.669256055,0.3761551499,PMDB,#393b79,#393b79,Edson Ezequiel,RJ,428
74359,1.45478506,-2.87507445,-1.005651457,PTB,#9467bd,#154bed,Nilton Capixaba,RO,428
141421,1.827303164,0.2074882736,-3.038884448,PP,#008000,#008000,Eduardo da Fonte,PE,428
74400,5.148933522,4.111328187,-1.313650051,PT,#d62728,#c8f442,Paulo Pimenta,RS,428
74216,-11.58204136,0.713375023,2.098774754,PSDB,#1f77b4,#e8105f,Raimundo Gomes de Matos,CE,428
68731,-0.7745381121,-1.981263089,1.734531486,SDD,#ff8c00,#15e2ed,Henrique Oliveira,AM,428
74537,-8.992742013,0.5735093198,0.9311473999,DEM,#f08080,#5b1058,Claudio Cajado,BA,428
141548,2.624585009,0.06589226746,4.969982841,PDT,#32cd32,#ed5915,Sueli Vidigal,ES,428
160635,-8.528615038,1.235409144,0.6684184083,PSDB,#1f77b4,#e8105f,Ruy Carneiro,PB,428
160636,0.8819206294,-1.507770305,-1.334727138,PTB,#9467bd,#154bed,Wilson Filho,PB,428
160637,2.824424478,-1.37645133,2.155132721,PROS,#ffa500,#ffa500,Ronaldo Fonseca,DF,428
141543,3.550178174,-5.417108117,-1.169770807,PMDB,#393b79,#393b79,Professor Setimo,MA,428
74120,2.476589866,-5.953468666,-1.142461097,PMDB,#393b79,#393b79,João Magalhães,MG,428
74124,1.706055869,-6.42147065,1.656648831,PMDB,#393b79,#393b79,Marçal Filho,MS,428
73768,3.94016938,-6.260732191,-0.1988863359,PP,#008000,#008000,Dilceu Sperafico,PR,428
73764,-9.995673153,0.2910270337,0.4979695602,DEM,#f08080,#5b1058,Abelardo Lupion,PR,428
74141,8.101181999,3.907784003,0.1944919225,PT,#d62728,#c8f442,Josias Gomes,BA,428
74140,1.171620289,-4.929411308,2.108302837,PSD,#660000,#660000,José Carlos Araújo,BA,428
133373,-0.5465703218,5.212431648,-3.88129023,PT,#d62728,#c8f442,Marco Maia,RS,428
160758,-9.701345721,0.6560992769,-0.0322685195,PSDB,#1f77b4,#e8105f,Domingos Sávio,MG,428
141434,1.293016834,-3.194863953,-2.4620506,PMDB,#393b79,#393b79,Flaviano Melo,AC,428
160610,9.818556821,4.715126033,2.278898607,PT,#d62728,#c8f442,Valmir Assunção,BA,428
141431,2.283912396,-1.348923248,2.041778468,PSB,#90ee90,#90ee90,Fernando Coelho Filho,PE,428
141430,-0.6818572271,-4.800430466,2.948255217,PSD,#660000,#660000,Felipe Bornier,RJ,428
141438,5.377567332,4.553218505,0.1671497225,PT,#d62728,#c8f442,Francisco Praciano,AM,428
146949,-0.8868367766,-0.259774913,0.6572667137,PTDOB,#aaaaaa,#23211c,Rosinha da Adefal,AL,428
141539,-0.1852826381,0.5148027788,2.839014424,SDD,#ff8c00,#15e2ed,Sebastião Bala Rocha,AP,428
141537,-3.912103517,-0.9844205092,-0.7219680348,PSD,#660000,#660000,Moreira Mendes,RO,428
141531,-8.985258877,2.024862237,0.4165716798,PSDB,#1f77b4,#e8105f,Rodrigo de Castro,MG,428
152605,3.676659839,0.479637535,4.620274003,PSB,#90ee90,#90ee90,Glauber Braga,RJ,428
152607,-2.749739701,2.884648742,-4.500235243,PROS,#ffa500,#ffa500,Zé Vieira,MA,428
73507,-0.01905266274,-1.057596811,-1.380736085,PMDB,#393b79,#393b79,Rose de Freitas,ES,428
160618,1.808495142,-4.13775528,0.6225413177,PSD,#660000,#660000,Edson Pimenta,BA,428
109152,-0.6153853737,-2.363213077,-1.897377085,PR,#ffbb78,#ffbb78,Bernardo Santana de Vasconcellos,MG,428
73692,-0.1022297105,-4.556280318,-0.4349761216,PMDB,#393b79,#393b79,Osmar Terra,RS,428
160619,-2.700456564,-3.22054907,1.898539787,PSD,#660000,#660000,José Nunes,BA,428
73982,1.7450975,-0.7805009934,-1.426187202,PR,#ffbb78,#ffbb78,Luciano Castro,RR,428
147975,1.640362723,-3.349653175,0.9727271274,PR,#ffbb78,#ffbb78,Dr. Paulo César,RJ,428
73437,-0.1313427272,-1.320298874,-3.382407998,PRB,#aaaaaa,#ff5656,Beto Mansur,SP,428
73434,-2.989793383,-1.224285334,2.033142953,PTB,#9467bd,#154bed,Arnaldo Faria de Sá,SP,428
73433,7.066548939,3.432316983,-1.512807047,PT,#d62728,#c8f442,Arlindo Chinaglia,SP,428
74057,7.364011047,3.212950761,1.852980484,PCDOB,#a52121,#a35c3c,Alice Portugal,BA,428
74056,-8.020175849,0.1075013958,2.422818079,DEM,#f08080,#5b1058,Mendonça Prado,SE,428
74197,3.455710817,1.474890686,2.507675126,SDD,#ff8c00,#15e2ed,Domingos Dutra,MA,428
62881,1.973018251,-4.470432232,-2.147135103,PMDB,#393b79,#393b79,Danilo Forte,CE,428
74750,-1.687632795,-0.6375887186,-5.040490492,PMDB,#393b79,#393b79,Newton Cardoso,MG,428
160628,6.704926251,1.844569521,1.106571164,PCDOB,#a52121,#a35c3c,Luciana Santos,PE,428
160676,-1.088369129,-0.06702410561,-1.299750623,PSD,#660000,#660000,Fernando Torres,BA,428
73933,0.983160615,-3.046282564,-0.3045788156,PSC,#8c564b,#8c564b,Zequinha Marinho,PA,428
73931,6.773128545,4.09004834,-1.869013591,PT,#d62728,#c8f442,Zé Geraldo,PA,428
73930,0.7475297451,-0.4408805226,-3.892750547,SDD,#ff8c00,#15e2ed,Wladimir Costa,PA,428
151208,-0.6363883528,-1.765374222,-0.2480045657,SDD,#ff8c00,#15e2ed,Laercio Oliveira,SE,428
74283,6.878632148,3.769272512,0.6697641352,PT,#d62728,#c8f442,Vicentinho,SP,428
160673,3.180263122,-1.821982563,2.574495133,PDT,#32cd32,#ed5915,Giovani Cherini,RS,428
160622,4.368964376,3.144417521,-1.452785735,PT,#d62728,#c8f442,Vicente Candido,SP,428
160674,2.526772911,-4.87424861,-1.199975774,PMDB,#393b79,#393b79,Hugo Motta,PB,428
160675,-0.3801386365,-1.296805089,-1.269606656,PRP,#aaaaaa,#f9a4a4,Jânio Natal,BA,428
160677,0.1233292171,-0.856211375,1.992876443,PR,#ffbb78,#ffbb78,Francisco Floriano,RJ,428
160670,8.266682917,3.797016521,1.61508199,PT,#d62728,#c8f442,Padre Ton,RO,428
160671,10.26002231,4.095133485,1.900338751,PT,#d62728,#c8f442,Jesus Rodrigues,PI,428
160672,-5.113655043,8.531908574,3.194119026,PSOL,#ffcc00,#ffcc00,Jean Wyllys,RJ,428
74474,2.437124148,-0.4962021388,1.921116421,PCDOB,#a52121,#a35c3c,Carlos Eduardo Cadoca,PE,428
74570,-10.18744716,3.270017527,1.207088349,PSDB,#1f77b4,#e8105f,Jutahy Junior,BA,428
160678,7.418281955,4.456019846,0.2216011195,PT,#d62728,#c8f442,Artur Bruno,CE,428
160679,6.301524294,1.574468549,-0.1589103658,PT,#d62728,#c8f442,Taumaturgo Lima,AC,428
74574,4.402431489,-2.96225518,0.6807250453,PSD,#660000,#660000,Paulo Magalhães,BA,428
141379,-9.626849901,2.73782178,2.023008399,PSDB,#1f77b4,#e8105f,Andreia Zito,RJ,428
94931,2.873660699,-4.55987359,-0.6241727713,PMDB,#393b79,#393b79,Lucio Vieira Lima,BA,428
141372,0.3525635759,-2.106002537,-1.549303763,PR,#ffbb78,#ffbb78,Aelton Freitas,MG,428
141375,0.7157089606,0.668925431,-2.820117037,PP,#008000,#008000,Aline Corrêa,SP,428
74372,2.081350162,-2.490395408,-2.418417006,PP,#008000,#008000,Sandes Júnior,GO,428
74373,7.677685429,3.822214181,2.285686505,PT,#d62728,#c8f442,Biffi,MS,428
74374,3.104870195,-6.293541383,1.015229039,PMDB,#393b79,#393b79,Geraldo Resende,MS,428
74376,5.232742433,1.830344179,-0.8178547497,PT,#d62728,#c8f442,Vander Loubet,MS,428
74377,3.449956041,-4.293578471,-2.908375433,PMDB,#393b79,#393b79,André Zacharow,PR,428
74378,8.465655054,2.480297721,1.689069258,PT,#d62728,#c8f442,Assis do Couto,PR,428
74177,1.589321592,-3.71304276,-0.956767246,PMDB,#393b79,#393b79,Marinha Raupp,RO,428
74173,4.09072716,-6.85293373,-0.9557915023,PMDB,#393b79,#393b79,Eduardo Cunha,RJ,428
74171,-5.76777133,8.752819265,4.252305053,PSOL,#ffcc00,#ffcc00,Chico Alencar,RJ,428
141473,-0.4090206943,-2.609510269,4.074072527,PSD,#660000,#660000,Roberto Santiago,SP,428
141472,-8.496786269,3.519661723,-1.108525942,PSDB,#1f77b4,#e8105f,Ricardo Tripoli,SP,428
73805,-9.145657238,3.018726382,0.9005146013,PPS,#666666,#666666,Roberto Freire,SP,428
141470,9.367943986,3.33618269,0.7443272373,PT,#d62728,#c8f442,José Guimarães,CE,428
74275,5.314909245,3.199689379,-0.7528165034,PT,#d62728,#c8f442,José Mentor,SP,428
141371,2.115697289,-2.747523044,2.684776319,PR,#ffbb78,#ffbb78,Dr. Adilson Soares,RJ,428
73793,3.326202018,-4.427949725,-1.695330825,PMDB,#393b79,#393b79,Edinho Bez,SC,428
141490,1.806964502,-3.327110535,-1.122278748,PMDB,#393b79,#393b79,Manoel Junior,PB,428
73653,-0.9945121159,-1.92997013,-1.253442722,PR,#ffbb78,#ffbb78,Wellington Fagundes,MT,428
160568,5.09105123,3.423972224,-2.528789725,PT,#d62728,#c8f442,Rogério Carvalho,SE,428
160569,9.510629184,4.345618046,1.797031931,PT,#d62728,#c8f442,Waldenor Pereira,BA,428
160565,-9.113542695,3.25863941,0.3333857106,PSDB,#1f77b4,#e8105f,Mara Gabrilli,SP,428
160566,-1.102839193,-3.987561015,0.3999070784,PSC,#8c564b,#8c564b,Nelson Padovani,PR,428
160567,-10.13293993,1.254585113,-0.8646236789,PSDB,#1f77b4,#e8105f,Nelson Marchezan Junior,RS,428
160561,2.453675295,-3.148164661,-0.2666431223,PP,#008000,#008000,Missionário José Olimpio,SP,428
160563,-5.445753137,-4.080263894,3.580041563,PSD,#660000,#660000,Onofre Santo Agostini,SC,428
160577,0.6667253507,0.01215409709,-3.26602625,PMDB,#393b79,#393b79,Adrian,RJ,428
160626,-4.42793865,-0.2715730935,0.07236787068,PMDB,#393b79,#393b79,Almeida Lima,SE,428
74308,2.634268208,-0.8867962721,-0.7485192489,PROS,#ffa500,#ffa500,Vicente Arruda,CE,428
73891,-2.131009745,-4.2238741,-1.13551886,PMDB,#393b79,#393b79,Darcísio Perondi,RS,428
73893,-0.660546669,2.07078876,-1.106134265,PDT,#32cd32,#ed5915,Enio Bacci,RS,428
141870,1.685581347,-4.688626644,-0.6361529581,PP,#008000,#008000,Vilson Covatti,RS,428
141405,4.229186642,-6.057799547,-0.4563628496,PMDB,#393b79,#393b79,Celso Maldaner,SC,428
141400,1.792651385,2.713754646,4.338163862,PDT,#32cd32,#ed5915,Vieira da Cunha,RS,428
73474,6.517296297,2.694628809,-0.689653257,PT,#d62728,#c8f442,Luci Choinacki,SC,428
74847,-12.75679681,1.548972457,0.6086355198,PP,#008000,#008000,Jair Bolsonaro,RJ,428
74650,-8.848741819,1.668780248,-0.3981116344,PSDB,#1f77b4,#e8105f,Bonifácio de Andrada,MG,428
74655,-11.63295356,1.718882052,1.400525267,PSDB,#1f77b4,#e8105f,Eduardo Barbosa,MG,428
133439,3.681112278,-0.8816913147,5.993669595,PDT,#32cd32,#ed5915,André Figueiredo,CE,428
74439,0.6577288189,-0.4616846501,2.713604284,PDT,#32cd32,#ed5915,Wolney Queiroz,PE,428
80920,-3.306741486,2.20214893,2.541557126,PV,#e377c2,#e377c2,Penna,SP,428
141335,10.12624864,3.568131796,0.8169035608,PT,#d62728,#c8f442,Beto Faro,PA,428
74319,3.615035871,0.2228113494,-3.841708967,PTB,#9467bd,#154bed,Paes Landim,PI,428
141562,0.402098209,-3.237477047,0.5351972794,PMDB,#393b79,#393b79,Lelo Coimbra,ES,428
74079,1.218721453,-2.886802494,-4.148163205,PMDB,#393b79,#393b79,José Priante,PA,428
160586,-11.39999612,2.847315905,1.734477248,PSDB,#1f77b4,#e8105f,William Dib,SP,428
160587,1.387804727,-6.050271812,3.289859167,PMDB,#393b79,#393b79,Fábio Trad,MS,428
160581,5.983087779,2.539209962,1.632855982,PCDOB,#a52121,#a35c3c,Assis Melo,RS,428
74075,0.8547693732,-2.025168342,-3.510939236,PMDB,#393b79,#393b79,Elcione Barbalho,PA,428
160588,0.3084490218,-3.422824534,0.3375886731,PSD,#660000,#660000,Diego Andrade,MG,428
160589,-8.826398619,1.641698403,0.5750147386,PSDB,#1f77b4,#e8105f,Bruna Furlan,SP,428
141446,-1.207648637,-0.5744002428,-3.905777624,PP,#008000,#008000,Gladson Cameli,AC,428
74371,2.6348688,2.448790983,-3.254915394,PT,#d62728,#c8f442,Rubens Otoni,GO,428
160627,-8.462159714,3.416007936,2.313317543,PPS,#666666,#666666,Stepan Nercessian,RJ,428
74133,9.736170413,4.985531049,0.9562134466,PT,#d62728,#c8f442,Luiz Alberto,BA,428
160625,0.8295794755,-2.229313931,4.820959783,PR,#ffbb78,#ffbb78,Zoinho,RJ,428
160623,3.291294491,-2.68894964,-3.205617137,PMDB,#393b79,#393b79,Renan Filho,AL,428
160621,-7.970652871,-0.4475678851,4.853081914,PPS,#666666,#666666,Sandro Alex,PR,428
160620,1.924318035,-4.2793822,-2.02936055,PMDB,#393b79,#393b79,Washington Reis,RJ,428
132056,-1.304454277,0.3550638954,-4.065583095,PP,#008000,#008000,Paulo Maluf,SP,428
141440,6.888248709,1.756405075,2.155074224,PCDOB,#a52121,#a35c3c,Chico Lopes,CE,428
141441,1.407127899,-0.7720498107,0.8880096009,PRB,#aaaaaa,#ff5656,George Hilton,MG,428
141447,-3.281431918,-3.426347437,1.978933221,PSD,#660000,#660000,Guilherme Campos,SP,428
74345,7.471008427,1.668899178,2.306013247,PCDOB,#a52121,#a35c3c,Evandro Milhomen,AP,428
141529,5.348909054,-3.506058176,-1.085396794,PP,#008000,#008000,Roberto Britto,BA,428
141527,2.641569813,-3.161851408,-0.1392013929,PP,#008000,#008000,Renato Molling,RS,428
141523,-4.779103512,-2.052963655,2.694005779,PMDB,#393b79,#393b79,Raul Henry,PE,428
141522,-2.559632492,0.3442105281,-3.138971789,PTB,#9467bd,#154bed,Sabino Castelo Branco,AM,428
160537,1.870714438,-1.468867178,-2.752356319,PMDB,#393b79,#393b79,Gabriel Chalita,SP,428
160535,7.597687287,4.408296802,0.4658692947,PT,#d62728,#c8f442,Marcon,RS,428
160534,0.1344687966,-4.449941904,2.406612644,PSC,#8c564b,#8c564b,Lauriete,ES,428
160533,0.1180534694,-0.7457339321,2.809305153,PROS,#ffa500,#ffa500,Liliam Sá,RJ,428
160532,-9.194695798,1.146371235,-1.150582165,DEM,#f08080,#5b1058,Eli Correa Filho,SP,428
160531,2.223342009,-1.290785336,0.4842238733,PRB,#aaaaaa,#ff5656,Jhonatan de Jesus,RR,428
160530,-11.66523117,2.659879216,1.951032123,PSDB,#1f77b4,#e8105f,Antonio Imbassahy,BA,428
160539,-2.54560569,2.365391702,4.339272964,PR,#ffbb78,#ffbb78,Anthony Garotinho,RJ,428
160538,8.91083622,4.632189489,0.4129985687,PT,#d62728,#c8f442,Bohn Gass,RS,428
73586,0.7850033139,-1.948833485,3.177894952,PSB,#90ee90,#90ee90,Júlio Delgado,MG,428
73584,-11.6408244,2.776229435,-1.959421735,PSDB,#1f77b4,#e8105f,Antonio Carlos Mendes Thame,SP,428
92355,3.00236289,-2.135735523,3.140017269,PRB,#aaaaaa,#ff5656,Vitor Paulo,RJ,428
73588,2.486446338,-4.69322404,-1.708008236,PMDB,#393b79,#393b79,Mauro Benevides,CE,428
73808,0.1960390643,-1.75864698,-0.860447987,PSD,#660000,#660000,Sérgio Brito,BA,428
74273,-0.1751623835,-3.688787512,1.629504853,PSD,#660000,#660000,Jefferson Campos,SP,428
74043,1.059890525,-3.475665876,-1.375154664,PR,#ffbb78,#ffbb78,Wellington Roberto,PB,428
74041,10.96001595,4.566575584,1.160206534,PT,#d62728,#c8f442,Luiz Couto,PB,428
74047,0.4320064251,0.7044268147,3.939590494,PDT,#32cd32,#ed5915,Paulo Rubem Santiago,PE,428
74049,-1.44136057,0.2987658879,-2.489024312,PSD,#660000,#660000,João Lyra,AL,428
74762,3.907487866,-6.181165832,-1.751250422,PMDB,#393b79,#393b79,Saraiva Felipe,MG,428
73531,-6.086017697,10.1993523,4.250311709,PSOL,#ffcc00,#ffcc00,Ivan Valente,SP,428
73924,-9.330230352,0.3093045934,1.530180918,DEM,#f08080,#5b1058,Davi Alcolumbre,AP,428
74467,2.535538294,0.7747324035,0.6853048874,PDT,#32cd32,#ed5915,Damião Feliciano,PB,428
74812,4.892805963,-5.936239316,-0.2057001712,PMDB,#393b79,#393b79,Pedro Chaves,GO,428
160663,4.053729318,-2.77113255,6.443456806,PSB,#90ee90,#90ee90,Leopoldo Meyer,PR,428
160662,-9.387939843,3.169907352,-0.5438961703,PSDB,#1f77b4,#e8105f,Luiz Fernando Machado,SP,428
160661,2.196252087,-0.3517449906,0.9209014069,PROS,#ffa500,#ffa500,José Augusto Maia,PE,428
160633,-10.16396604,0.1491757687,2.375288063,DEM,#f08080,#5b1058,Mandetta,MS,428
160667,0.1969502721,-1.914538906,-1.405473467,PP,#008000,#008000,Guilherme Mussi,SP,428
160666,-0.1509795335,-1.73082258,5.768764946,PDT,#32cd32,#ed5915,Félix Mendonça Júnior,BA,428
160665,-10.76962844,1.042942663,1.20582584,SDD,#ff8c00,#15e2ed,Augusto Coutinho,PE,428
160664,-10.78253607,4.398398263,1.955512678,PSDB,#1f77b4,#e8105f,Cesar Colnago,ES,428
160669,-0.6668407687,-2.592342558,-2.416639987,SDD,#ff8c00,#15e2ed,Genecias Noronha,CE,428
160668,-9.564194411,-0.6401581477,-0.1322349638,DEM,#f08080,#5b1058,Paulo Cesar Quartiero,RR,428
74460,4.674013149,-5.370954429,-1.01051682,PMDB,#393b79,#393b79,Marcelo Castro,PI,428
129037,6.21682925,2.607492803,-0.2652927367,PT,#d62728,#c8f442,Gabriel Guimarães,MG,428
160638,3.346305011,-1.289337522,2.920043041,PDT,#32cd32,#ed5915,Ângelo Agnolin,TO,428
74862,1.793800483,3.208387886,5.653604499,PROS,#ffa500,#ffa500,Miro Teixeira,RJ,428
141542,-1.784341509,-1.795604321,-2.290599222,PTB,#9467bd,#154bed,Sérgio Moraes,RS,428
74385,0.9738717918,-3.138131762,-0.1325172995,PSC,#8c564b,#8c564b,Takayama,PR,428
74554,2.020123602,-2.351337112,1.469625015,PR,#ffbb78,#ffbb78,José Rocha,BA,428
74383,-0.2511619817,-2.592622118,-2.05041377,PR,#ffbb78,#ffbb78,Giacobo,PR,428
74382,-3.995282115,-2.133502704,2.707875094,PSD,#660000,#660000,Eduardo Sciarra,PR,428
160614,1.42198161,1.629647065,4.803004167,PV,#e377c2,#e377c2,Rosane Ferreira,PR,428
160615,-11.09635915,1.470021377,0.5619424886,PSDB,#1f77b4,#e8105f,Reinaldo Azambuja,MS,428
160613,9.56261702,4.500660183,0.9555599029,PT,#d62728,#c8f442,Sibá Machado,AC,428
160611,2.946801213,-5.097279084,-1.031196006,PP,#008000,#008000,Toninho Pinheiro,MG,428
74262,-8.337997123,3.805475377,-0.6970311116,PSDB,#1f77b4,#e8105f,Carlos Sampaio,SP,428
74264,8.060601338,3.397696422,0.6398826684,PT,#d62728,#c8f442,Devanir Ribeiro,SP,428
141398,8.468686696,2.216378659,0.1027324504,PT,#d62728,#c8f442,Carlos Zarattini,SP,428
141391,-7.854805295,2.68217475,-0.4770802278,PPS,#666666,#666666,Arnaldo Jardim,SP,428
141396,4.807273036,1.726199352,-2.436004522,PT,#d62728,#c8f442,Cândido Vaccarezza,SP,428
141394,-9.904437298,0.9362825099,0.3736494546,PSDB,#1f77b4,#e8105f,Bruno Araújo,PE,428
73781,5.572107793,-3.015172874,-0.7980835544,PP,#008000,#008000,Nelson Meurer,PR,428
73666,0.3967888748,-1.286880114,-2.249150687,PTB,#9467bd,#154bed,Jovair Arantes,GO,428
160579,0.06066092444,-0.6654067974,2.259957073,PSB,#90ee90,#90ee90,Alexandre Roso,RS,428
160573,3.062839339,-4.421519959,-1.941034541,PMDB,#393b79,#393b79,João Arruda,PR,428
160572,3.105052401,-4.825638261,0.4804401993,PTB,#9467bd,#154bed,Jorge Côrte Real,PE,428
160570,1.415626873,-3.121285574,-3.100747672,PP,#008000,#008000,Jerônimo Goergen,RS,428
160576,-1.784076754,-2.543659529,-0.2387743431,PRB,#aaaaaa,#ff5656,César Halum,TO,428
160575,8.815798241,4.820951923,2.7416644,PT,#d62728,#c8f442,Erika Kokay,DF,428
160574,6.195814185,2.610695085,1.670533973,PCDOB,#a52121,#a35c3c,João Ananias,CE,428
74317,-2.584542414,-4.627397437,1.843305133,PSD,#660000,#660000,Júlio Cesar,PI,428
154919,-6.7308468,-2.28955893,2.895961363,PSD,#660000,#660000,Eleuses Paiva,SP,428
141419,6.442571048,4.000640262,0.178940961,PT,#d62728,#c8f442,Edson Santos,RJ,428
141417,3.48838204,-5.305026072,-1.645194803,PMDB,#393b79,#393b79,Edio Lopes,RR,428
141413,6.572672808,3.912191557,1.306648487,PT,#d62728,#c8f442,Décio Lima,SC,428
141412,1.989060026,-2.020974831,2.720704918,PR,#ffbb78,#ffbb78,Davi Alves Silva Júnior,MA,428
160639,-9.785204383,-0.5738046043,2.588213338,DEM,#f08080,#5b1058,Professora Dorinha Seabra Rezende,TO,428
160976,2.881125381,-5.073439629,6.432178947,PR,#ffbb78,#ffbb78,Tiririca,SP,428
160974,-3.554427674,-2.237037976,1.323882619,PSD,#660000,#660000,Hugo Napoleão,PI,428
160509,-2.399383838,-1.213910538,1.116762173,PR,#ffbb78,#ffbb78,Jorginho Mello,SC,428
141558,5.179432377,-3.112741789,0.03028701081,PP,#008000,#008000,Waldir Maranhão,MA,428
74421,3.276854994,-2.631572954,-0.1709545212,PR,#ffbb78,#ffbb78,Inocêncio Oliveira,PE,428
74423,0.2453199158,-0.6059071844,-1.410017214,PTB,#9467bd,#154bed,José Chaves,PE,428
74428,-10.79057761,1.080639503,0.7965837296,DEM,#f08080,#5b1058,Mendonça Filho,PE,428
74585,1.906411893,-1.487259096,1.933445182,PR,#ffbb78,#ffbb78,Lincoln Portela,MG,428
74039,2.156656412,-1.085808132,1.883468546,PSB,#90ee90,#90ee90,Sandra Rosado,RN,428
74037,5.319522623,3.989585125,0.9206740958,PT,#d62728,#c8f442,Fátima Bezerra,RN,428
136811,0.6328999936,-4.601761483,0.4762559091,PP,#008000,#008000,Afonso Hamm,RS,428
73447,5.292424652,-7.630812022,0.1686879548,PMDB,#393b79,#393b79,Edinho Araújo,SP,428
160594,6.74103908,4.158574544,-0.4883874246,PT,#d62728,#c8f442,Ronaldo Zulke,RS,428
160597,2.430729042,-0.004141107433,0.9586148143,PSB,#90ee90,#90ee90,Romário,RJ,428
160596,-4.123130044,-2.560240981,2.272087832,PSD,#660000,#660000,Heuler Cruvinel,GO,428
160591,0.6157883345,0.2152449467,-3.087647506,PR,#ffbb78,#ffbb78,Vinicius Gurgel,AP,428
160590,-6.063187462,-2.818857385,2.861386684,PSDB,#1f77b4,#e8105f,Hélio Santos,MA,428
160593,3.372250055,1.886488402,2.134777905,PV,#e377c2,#e377c2,Paulo Wagner,RN,428
160592,6.90608944,2.946552711,-0.6956017896,PT,#d62728,#c8f442,Zeca Dirceu,PR,428
160599,2.862555411,-5.234958181,0.4667228213,PP,#008000,#008000,Dimas Fabiano,MG,428
160598,3.583186457,0.8727871964,3.289156755,PDT,#32cd32,#ed5915,Flávia Morais,GO,428
74784,0.9363375497,2.636550833,4.458401661,PSB,#90ee90,#90ee90,Luiza Erundina,SP,428
74456,-2.834332489,-1.374716151,-0.7794129512,PSD,#660000,#660000,Manoel Salviano,CE,428
74103,6.66212299,3.332830209,2.24117963,PROS,#ffa500,#ffa500,Ariosto Holanda,CE,428
99654,-1.091078623,-2.697510851,-0.002428562446,PSC,#8c564b,#8c564b,Erivelton Santana,BA,428
160659,3.395501055,-2.038934481,5.686639891,PSB,#90ee90,#90ee90,Keiko Ota,SP,428
141509,1.183767468,2.55673679,-3.603065586,PT,#d62728,#c8f442,Miguel Corrêa,MG,428
160652,3.168478074,-3.446761612,-1.70557155,PP,#008000,#008000,Roberto Teixeira,PE,428
160653,0.4349385261,1.181952704,4.745342192,PV,#e377c2,#e377c2,Roberto de Lucena,SP,428
160650,1.307247074,-1.183855967,4.074307142,PDT,#32cd32,#ed5915,Oziel Oliveira,BA,428
160651,3.152316498,-4.321465064,-1.532779999,PMDB,#393b79,#393b79,Rogério Peninha Mendonça,SC,428
160656,-2.537669393,-1.323410137,-0.3225296193,PP,#008000,#008000,Raul Lima,RR,428
160657,8.431985965,3.694055108,0.4254522774,PT,#d62728,#c8f442,Newton Lima,SP,428
160654,1.267935874,-3.972716785,0.1196588037,PP,#008000,#008000,Renzo Braz,MG,428
160655,-1.010874144,-2.987195586,2.429706683,PSD,#660000,#660000,Ricardo Izar,SP,428
116663,-2.7549147,3.052006163,2.52662618,PSB,#90ee90,#90ee90,Alfredo Sirkis,RJ,428
74213,3.360907239,1.958310034,-0.224297107,PROS,#ffa500,#ffa500,Antonio Balhmann,CE,428
4931,-4.921432661,-3.424002637,3.718651886,PSDB,#1f77b4,#e8105f,Izalci,DF,428
141453,2.131468514,-3.992732182,-1.254704829,PMDB,#393b79,#393b79,Íris de Araújo,GO,428
74210,-1.31614728,3.135378444,-1.166190586,PV,#e377c2,#e377c2,Sarney Filho,MA,428
141455,9.134087955,5.277770629,0.975435979,PT,#d62728,#c8f442,Janete Rocha Pietá,SP,428
141454,-9.154238359,1.814812465,-2.982190612,PSDB,#1f77b4,#e8105f,Alfredo Kaefer,PR,428
141459,-0.8671957984,0.5788754373,-2.511976355,PR,#ffbb78,#ffbb78,João Maia,RN,428
74351,0.9876284213,-3.791348042,-1.095715962,PTB,#9467bd,#154bed,Josué Bengtson,PA,428
74356,-1.249086943,-1.382038985,-0.4802090711,PSD,#660000,#660000,Silas Câmara,AM,428
141518,-2.836520142,-1.599670298,0.7290641025,SDD,#ff8c00,#15e2ed,Paulo Pereira da Silva,SP,428
141514,4.958981473,1.805369249,-0.9499910878,PCDOB,#a52121,#a35c3c,Osmar Júnior,PI,428
141515,-8.892437641,3.541516628,0.4993009429,PSDB,#1f77b4,#e8105f,Otavio Leite,RJ,428
141516,-9.521904373,1.653116685,0.03512752091,PSDB,#1f77b4,#e8105f,Paulo Abi-Ackel,MG,428
141450,3.742404169,1.317912295,1.457943357,PROS,#ffa500,#ffa500,Hugo Leal,RJ,428
160542,8.01241673,3.379995865,0.4468808843,PT,#d62728,#c8f442,Márcio Macêdo,SE,428
160543,-1.12086502,-3.76729886,1.465872181,PSC,#8c564b,#8c564b,Andre Moura,SE,428
160540,4.301697864,-2.202159567,5.295545509,PRB,#aaaaaa,#ff5656,Otoniel Lima,SP,428
160547,1.740956437,0.7677008006,-2.837943994,SDD,#ff8c00,#15e2ed,Luiz Argôlo,BA,428
160544,-1.865902145,-4.068663873,2.365525608,PSD,#660000,#660000,Junji Abe,SP,428
160545,-9.715427813,0.04025925985,0.9196224689,DEM,#f08080,#5b1058,Alexandre Leite,SP,428
160549,8.720961434,3.954508648,-0.1540896177,PT,#d62728,#c8f442,João Paulo Lima,PE,428
160595,-10.07894085,2.316840501,1.771771154,PSDB,#1f77b4,#e8105f,Vaz de Lima,SP,428
73553,1.356393495,-3.543689092,-0.8048973516,PTB,#9467bd,#154bed,Nelson Marquezelli,SP,428
74077,0.005442108029,-1.155458132,2.379990729,PDT,#32cd32,#ed5915,Giovanni Queiroz,PA,428
73559,2.766288906,-0.05223227147,2.358452797,PROS,#ffa500,#ffa500,Salvador Zimbaldi,SP,428
76287,2.55381845,0.812893919,2.940293679,PDT,#32cd32,#ed5915,Marcelo Matos,RJ,428
74161,5.165328812,4.040084502,-1.826979844,PT,#d62728,#c8f442,Reginaldo Lopes,MG,428
141500,-4.520292208,-3.020447373,2.254864977,PSD,#660000,#660000,Marcos Montes,MG,428
73483,-1.414048706,-4.209810727,-0.3192867664,PP,#008000,#008000,Luis Carlos Heinze,RS,428
73482,8.787286351,5.381285456,0.5902589749,PT,#d62728,#c8f442,Henrique Fontana,RS,428
74556,6.051061126,3.368219035,0.06218848208,PT,#d62728,#c8f442,Pedro Eugênio,PE,428
74558,2.055583223,0.6853412617,-0.06823648938,PROS,#ffa500,#ffa500,Givaldo Carimbão,AL,428
150418,2.997527195,-2.2797747,1.292647345,PRB,#aaaaaa,#ff5656,Márcio Marinho,BA,428
74419,-1.134018522,1.635558846,-0.1288308742,PSB,#90ee90,#90ee90,Gonzaga Patriota,PE,428
160606,1.172680349,2.939007106,-0.7590534304,PCDOB,#a52121,#a35c3c,Delegado Protógenes,SP,428
74417,9.472063474,4.562069812,1.792493908,PT,#d62728,#c8f442,Fernando Ferro,PE,428
73535,-10.12845291,-0.3390499207,0.7892585211,DEM,#f08080,#5b1058,Jorge Tadeu Mudalen,SP,428
74787,2.458573805,-3.473227591,-0.0001017525178,PR,#ffbb78,#ffbb78,Milton Monti,SP,428
160605,1.12609453,-2.810489875,-2.851742906,PP,#008000,#008000,Carlos Magno,RO,428
123756,-2.507191251,-1.648598856,-0.989620782,PSC,#8c564b,#8c564b,Antônia Lúcia,AC,428
74399,-8.897350028,0.1533428975,-1.079990717,DEM,#f08080,#5b1058,Onyx Lorenzoni,RS,428
74395,-2.403221901,1.985723371,-4.517828323,PP,#008000,#008000,José Otávio Germano,RS,428
160600,0.4160278789,-2.849076865,-1.343105259,SDD,#ff8c00,#15e2ed,Arthur Oliveira Maia,BA,428
160607,2.734981132,-1.487252268,5.729832107,PSB,#90ee90,#90ee90,Jose Stédile,RS,428
74159,5.887749313,2.784950997,-1.231767508,PT,#d62728,#c8f442,Odair Cunha,MG,428
160603,10.47486683,4.278057282,2.618869924,PT,#d62728,#c8f442,Amauri Teixeira,BA,428
160602,-6.927101631,4.226572076,1.953264092,PPS,#666666,#666666,Arnaldo Jordy,PA,428
74156,6.547867307,3.799256171,-0.78695197,PT,#d62728,#c8f442,Leonardo Monteiro,MG,428
141557,-5.224385211,-0.4848521012,-1.403037197,DEM,#f08080,#5b1058,Vitor Penido,MG,428
160609,-0.0111200209,0.4997604334,-1.526926891,PSD,#660000,#660000,Walter Tosta,MG,428
141553,-10.24903782,2.389422086,1.206496643,PSDB,#1f77b4,#e8105f,Vanderlei Macris,SP,428
160601,0.5167986815,-4.839684618,1.641589076,PSC,#8c564b,#8c564b,Pastor Marco Feliciano,SP,428
141381,1.443172355,3.422690845,-3.591075713,PT,#d62728,#c8f442,Angelo Vanhoni,PR,428
141383,2.695989958,-1.759540477,2.520883101,PRB,#aaaaaa,#ff5656,Antonio Bulhões,SP,428
141385,-10.29093422,2.692812136,-1.107373675,PSDB,#1f77b4,#e8105f,Duarte Nogueira,SP,428
141384,2.36562988,-2.587319802,3.452992199,PSB,#90ee90,#90ee90,Valadares Filho,SE,428
141386,6.88901853,4.47003613,0.7245097322,PT,#d62728,#c8f442,Eudes Xavier,CE,428
73772,-0.06653623609,-2.566657724,-3.222137242,PMDB,#393b79,#393b79,Hermes Parcianello,PR,428
74813,-10.76647993,0.5876769934,0.82517023,DEM,#f08080,#5b1058,Ronaldo Caiado,GO,428
141561,-9.67781934,1.798281958,-1.337968079,PSDB,#1f77b4,#e8105f,Wandenkolk Gonçalves,PA,428
141428,-1.384954608,-3.332935697,-0.9220359149,PSD,#660000,#660000,Fábio Faria,RN,428
141429,-10.06875978,-0.04228739035,0.5352582906,DEM,#f08080,#5b1058,Felipe Maia,RN,428
73701,8.832399844,4.272538275,0.9710691458,PT,#d62728,#c8f442,Benedita da Silva,RJ,428
141427,3.971377772,0.6689554929,-0.7273959829,PV,#e377c2,#e377c2,Fábio Ramalho,MG,428
133374,-0.646244217,-3.728391884,0.8046291547,PROS,#ffa500,#ffa500,Ademir Camilo,MG,428
73682,0.27139676,-1.382132428,3.425923654,SDD,#ff8c00,#15e2ed,João Dado,SP,428
160519,-9.166921474,0.01707271366,1.302239467,DEM,#f08080,#5b1058,Júlio Campos,MT,428
160518,5.489083552,3.485815379,1.189253202,PT,#d62728,#c8f442,Weliton Prado,MG,428
160515,3.835174722,-6.320578357,-0.2068522417,PMDB,#393b79,#393b79,Ronaldo Benedet,SC,428
160514,1.000919637,-2.244941812,2.79736207,SDD,#ff8c00,#15e2ed,Dr. Grilo,MG,428
160517,2.115848082,-2.159811672,4.327804269,PSB,#90ee90,#90ee90,Paulo Foletto,ES,428
160511,6.090284455,5.848302267,0.9918840099,PT,#d62728,#c8f442,Alessandro Molon,RJ,428
160510,-0.628805516,-0.8193053907,-0.5367897402,PTDOB,#aaaaaa,#23211c,Luis Tibé,MG,428
160512,-0.2900692993,-1.173276982,2.7545605,SDD,#ff8c00,#15e2ed,Aureo,RJ,428
73674,-1.830503021,-2.869103208,-0.2454246118,PP,#008000,#008000,Roberto Balestra,GO,428
73676,-1.066569642,-1.814616382,-2.210686231,PMDB,#393b79,#393b79,Sandro Mabel,GO,428
160660,0.1316744372,-3.074351074,0.09985568958,DEM,#f08080,#5b1058,Marcelo Aguiar,SP,428
73424,3.437041978,-2.531837252,0.332028201,PP,#008000,#008000,Simão Sessim,RJ,428
74848,6.145514322,3.566612891,2.343462125,PCDOB,#a52121,#a35c3c,Jandira Feghali,RJ,428
74749,-0.2845057515,-2.399241781,-4.215080792,PMDB,#393b79,#393b79,Mauro Lopes,MG,428
74742,-1.237607728,1.750791799,-2.768243527,DEM,#f08080,#5b1058,Lael Varella,MG,428
160396,1.777979869,-5.16988927,1.10761257,PSD,#660000,#660000,José Humberto,MG,428
73458,1.842226805,-1.347859558,0.973965248,PTB,#9467bd,#154bed,Alex Canziani,PR,428
73459,5.403449427,4.977979401,-1.725497098,PT,#d62728,#c8f442,Dr. Rosinha,PR,428
74090,-1.061450403,-4.228007934,-0.4556640318,PSD,#660000,#660000,Átila Lins,AM,428
74291,0.9652867199,-1.666465046,-1.940008148,PTB,#9467bd,#154bed,Arnon Bezerra,CE,428
74297,-0.6243690356,-1.408538988,-2.597111002,PP,#008000,#008000,José Linhares,CE,428
160649,3.349197361,-4.945424422,-0.1859001372,PP,#008000,#008000,Esperidião Amin,SC,428
160648,3.551180559,-5.59889349,-2.303875503,PMDB,#393b79,#393b79,Júnior Coimbra,TO,428
160643,2.718497453,-0.8540102706,4.71163267,PROS,#ffa500,#ffa500,Dr. Jorge Silva,ES,428
160642,1.752260349,-2.070337657,2.929569251,PSB,#90ee90,#90ee90,Pastor Eurico,PE,428
160645,-9.775239694,1.825649974,-1.339744189,PSDB,#1f77b4,#e8105f,Luiz Carlos,AP,428
160644,8.878359036,3.56027653,0.9640009273,PT,#d62728,#c8f442,Miriquinho Batista,PA,428
67138,4.903898643,-1.169170403,-2.068518846,PP,#008000,#008000,Iracema Portella,PI,428
74050,-0.5509536293,-2.148795788,-1.271584527,PR,#ffbb78,#ffbb78,Maurício Quintella Lessa,AL,428
74367,3.178395159,-3.18603785,-1.643676608,PMDB,#393b79,#393b79,Leandro Vilela,GO,428
74366,-9.083410616,0.4900605746,0.1886575377,PSDB,#1f77b4,#e8105f,João Campos,GO,428
74363,-7.702759627,3.902063551,-2.630976788,PSDB,#1f77b4,#e8105f,Marcio Bittar,AC,428
97822,-4.490115561,-1.954702008,3.546008245,PMN,#aaaaaa,#aaaaaa,Jaqueline Roriz,DF,428
141507,0.2945270583,-3.924589852,-1.221608427,PMDB,#393b79,#393b79,Mauro Mariani,SC,428
141503,7.976608305,3.326557721,2.921166349,PCDOB,#a52121,#a35c3c,Jô Moraes,MG,428
141502,7.595128094,3.791685849,0.4150769197,PT,#d62728,#c8f442,Dalva Figueiredo,AP,428
74163,2.011569332,-2.153772934,6.813157002,SDD,#ff8c00,#15e2ed,Carlos Manato,ES,428
141464,6.562948267,4.46579148,0.4131444985,PT,#d62728,#c8f442,José Airton,CE,428
141462,-8.887971636,-0.4822879056,0.1994506354,DEM,#f08080,#5b1058,Lira Maia,PA,428
129618,0.209286417,-0.5757105564,-0.4342482456,PR,#ffbb78,#ffbb78,Gorete Pereira,CE,428
74151,-0.9563191099,-3.414770294,1.707669148,PSD,#660000,#660000,Geraldo Thadeu,MG,428
141487,-0.2247881152,-0.1548719212,-1.78357707,PP,#008000,#008000,Luiz Fernando Faria,MG,428
141484,4.955857238,-2.410498276,2.669365357,PR,#ffbb78,#ffbb78,Lúcio Vale,PA,428
141482,0.4888757845,-2.539410704,-0.9401644596,PMDB,#393b79,#393b79,Leonardo Quintão,MG,428
141422,-9.900151103,0.4356337749,1.650554509,DEM,#f08080,#5b1058,Efraim Filho,PB,428
141488,6.99846992,4.851269565,1.088365817,PT,#d62728,#c8f442,Paulo Teixeira,SP,428
160551,-0.2159062921,-1.898155054,-0.4988975031,PR,#ffbb78,#ffbb78,Anderson Ferreira,PE,428
160553,5.180515771,-3.334215546,2.722440341,PTB,#9467bd,#154bed,Antonio Brito,BA,428
160552,-0.4703264225,-5.338107379,1.63468768,PSD,#660000,#660000,Danrlei De Deus Hinterholz,RS,428
160555,1.609520339,-3.034042842,1.599682336,PTDOB,#aaaaaa,#23211c,Lourival Mendes,MA,428
160557,7.743771771,3.604822649,0.07257186888,PT,#d62728,#c8f442,Cláudio Puty,PA,428
160556,8.763944298,4.108766069,0.8393847867,PT,#d62728,#c8f442,Padre João,MG,428
160559,0.7324008566,-5.380577076,-1.836668092,PMDB,#393b79,#393b79,Alceu Moreira,RS,428
160558,1.075685895,-2.726158128,2.180393895,PR,#ffbb78,#ffbb78,Paulo Freire,SP,428
74566,9.358877304,2.614130251,0.5012564435,PT,#d62728,#c8f442,Geraldo Simões,BA,428
74324,0.3097623073,0.2164941498,-5.288710149,PMDB,#393b79,#393b79,Henrique Eduardo Alves,RN,428
74693,-9.443632743,0.7551257849,1.792832393,DEM,#f08080,#5b1058,Rodrigo Maia,RJ,428
141457,-5.180245753,0.5058876371,2.149776425,DEM,#f08080,#5b1058,João Bittar,MG,427
163322,2.432210468,-2.49605687,0.7695932009,PP,#008000,#008000,Vilalba,PE,427
162332,-9.507153803,0.6279767194,2.05898122,PR,#ffbb78,#ffbb78,Luiz Nishimori,PR,426
160646,-9.418454847,2.946143709,0.224692266,SDD,#ff8c00,#15e2ed,Fernando Francischini,PR,422
141378,3.933951883,1.636089619,-1.665680672,NoParty,#aaaaaa,#aaaaaa,Andre Vargas,PR,420
3151,-6.303217877,-2.114652924,1.942672828,DEM,#f08080,#5b1058,Jairo Ataíde,MG,419
160604,6.314984942,4.985604551,-1.203684734,PT,#d62728,#c8f442,Pedro Uczai,SC,413
74648,0.7074206853,-1.989111034,-0.2999386137,PR,#ffbb78,#ffbb78,Aracely de Paula,MG,412
74040,0.6382541036,-3.401884009,-0.9296889812,SDD,#ff8c00,#15e2ed,Benjamin Maranhão,PB,412
141552,2.536224437,-0.1786019584,2.537185207,PROS,#ffa500,#ffa500,Valtenir Pereira,MT,411
160564,2.295613583,-4.885116913,-0.5970144316,PMDB,#393b79,#393b79,Nilda Gondim,PB,409
162174,7.894479626,4.455054881,2.181498476,PT,#d62728,#c8f442,Policarpo,DF,408
73934,-1.016344076,-4.759203694,1.532468494,PSD,#660000,#660000,Carlos Souza,AM,407
74571,5.024141086,2.319590611,-0.4578724878,PT,#d62728,#c8f442,Nelson Pellegrino,BA,407
141401,3.022425715,-5.324706434,-2.701578768,PMDB,#393b79,#393b79,Carlos Bezerra,MT,407
74634,4.468788145,0.6777056329,0.4900706695,SDD,#ff8c00,#15e2ed,Marcos Medrado,BA,407
141492,2.395914501,4.818561536,-1.247423185,PCDOB,#a52121,#a35c3c,Manuela D`Ávila,RS,406
160582,2.885696389,-6.086450645,-1.416880087,PMDB,#393b79,#393b79,Alberto Filho,MA,405
141465,-8.437949308,1.793816744,-0.1198503457,PSDB,#1f77b4,#e8105f,Pinto Itamaraty,MA,405
141408,1.757057402,-0.08540137064,2.130114919,PRB,#aaaaaa,#ff5656,Cleber Verde,MA,404
74290,-7.65884119,1.669845136,-1.700796918,PSDB,#1f77b4,#e8105f,Carlos Alberto Leréia,GO,400
74447,-4.581156135,0.7313578303,-2.92039337,PSD,#660000,#660000,Nice Lobão,MA,396
160541,4.675114515,-1.973063739,-3.301178437,PP,#008000,#008000,Arthur Lira,AL,394
160546,-2.811834345,-2.799816465,1.618671666,SDD,#ff8c00,#15e2ed,Armando Vergílio,GO,394
141402,-9.249364308,0.8153079973,0.1284755395,PSDB,#1f77b4,#e8105f,Carlos Brandão,MA,391
161904,-6.980150172,1.572244951,1.569757836,PROS,#ffa500,#ffa500,Dudimar Paxiuba,PA,391
160631,1.37052321,-2.656505718,0.1884164565,PTB,#9467bd,#154bed,Walney Rocha,RJ,390
166401,-9.770220421,0.1679841293,1.457359879,PSDB,#1f77b4,#e8105f,Nilson Leitão,MT,386
73926,0.6298899618,2.97233956,1.39273207,PSB,#90ee90,#90ee90,Janete Capiberibe,AP,386
73874,-0.9316921319,0.01341991653,-4.134430598,PP,#008000,#008000,João Pizzolatti,SC,386
160550,-1.930046042,-3.02019411,0.7701224944,PSDB,#1f77b4,#e8105f,Luiz Pitiman,DF,386
160580,2.938126193,-3.94677727,0.01382453661,PROS,#ffa500,#ffa500,Cida Borghetti,PR,383
141498,-0.4007578682,-2.160441122,2.949507553,PSB,#90ee90,#90ee90,Dr. Ubiali,SP,383
118384,1.388164421,-0.4661485123,2.743265414,PMN,#aaaaaa,#aaaaaa,Dr. Carlos Alberto,RJ,383
161907,-0.6582913869,0.1552422668,-0.2832480682,PRB,#aaaaaa,#ff5656,Acelino Popó,BA,382
74017,-0.05664419136,-1.222569909,3.173253869,PR,#ffbb78,#ffbb78,Paulo Feijó,RJ,382
141390,-0.1266647055,3.325436151,-1.374845437,PV,#e377c2,#e377c2,Antônio Roberto,MG,381
137983,1.744377961,-2.16916013,-4.528781503,PMDB,#393b79,#393b79,Francisco Escórcio,MA,380
74388,2.976055441,0.6760317102,0.9273803538,PP,#008000,#008000,Jorge Boeira,SC,376
141463,-2.50410668,0.7992250084,-1.675049663,PSB,#90ee90,#90ee90,Abelardo Camarinha,SP,374
166402,-0.1595751038,-0.9883550097,-0.361972236,PR,#ffbb78,#ffbb78,Magda Mofatto,GO,373
74207,0.1535665741,-1.44303246,-5.406754883,PMDB,#393b79,#393b79,Pedro Novais,MA,369
141395,1.648666252,-3.167648908,-3.691929009,PMDB,#393b79,#393b79,Camilo Cola,ES,366
74254,0.6554663369,-3.304863621,-1.887031937,PMDB,#393b79,#393b79,Leonardo Picciani,RJ,363
141423,-3.203127471,-2.299431972,0.9033980043,PSD,#660000,#660000,Eliene Lima,MT,362
74491,6.844537841,5.515340067,-0.3670768342,PT,#d62728,#c8f442,Nazareno Fonteles,PI,360
167617,4.996959454,4.766390844,-1.328067861,PT,#d62728,#c8f442,Vanderlei Siraque,SP,360
141458,1.187239023,0.3356474032,-2.45222471,PR,#ffbb78,#ffbb78,João Carlos Bacelar,BA,356
73481,6.517218412,3.277537605,-1.214132001,PT,#d62728,#c8f442,Fernando Marroni,RS,356
141480,2.823220553,-4.952101044,-0.3419160946,PP,#008000,#008000,Lázaro Botelho,TO,356
74793,7.553671548,3.018571795,-0.6602346402,PT,#d62728,#c8f442,Ricardo Berzoini,SP,354
81232,-4.844230119,1.196838326,-4.154052781,PSD,#660000,#660000,Irajá Abreu,TO,347
74435,-6.839222101,4.148293786,-3.822993297,PSDB,#1f77b4,#e8105f,Sergio Guerra,PE,347
163321,2.561200595,-3.542314244,-0.4978857096,PTB,#9467bd,#154bed,Ronaldo Nogueira,RS,347
74010,-3.426727993,-3.322423979,-3.616278543,PMDB,#393b79,#393b79,Valdir Colatto,SC,346
74119,-8.941669877,1.739875869,1.684642067,PSDB,#1f77b4,#e8105f,Emanuel Fernandes,SP,344
160647,-9.19693881,2.781161434,-2.169049041,PSDB,#1f77b4,#e8105f,Eduardo Azeredo,MG,344
167722,-0.9610197442,0.4448139456,4.433176565,PDT,#32cd32,#ed5915,Marcos Rogério,RO,344
160578,-2.213256591,-1.91819611,-0.1942609551,PSC,#8c564b,#8c564b,Edmar Arruda,PR,341
73534,3.422707842,3.669601321,-3.106982135,PT,#d62728,#c8f442,João Paulo Cunha,SP,340
74106,1.757696059,0.08477972105,-0.4753353985,PROS,#ffa500,#ffa500,Edson Silva,CE,340
160536,-7.958646177,0.1245471737,-0.4344142759,PSDB,#1f77b4,#e8105f,Marco Tebaldi,SC,332
73565,-1.8883065,1.949263992,-5.081780404,PR,#ffbb78,#ffbb78,Valdemar Costa Neto,SP,332
73782,-0.4504823413,-2.417006517,-1.986331448,PMDB,#393b79,#393b79,Odílio Balbinotti,PR,329
74550,1.096064538,2.068381852,-2.613064051,PP,#008000,#008000,João Leão,BA,329
74162,2.915002552,6.695698444,-2.079366076,PT,#d62728,#c8f442,Iriny Lopes,ES,328
164360,-9.101524018,3.173469261,1.078685939,PPS,#666666,#666666,Carmen Zanotto,SC,325
74688,3.408970752,5.976107929,-0.3870889298,PT,#d62728,#c8f442,Luiz Sérgio,RJ,324
163831,0.8977892952,-2.503623869,-3.038364549,PMDB,#393b79,#393b79,Fernando Jordão,RJ,324
160508,4.21594133,8.129950534,-0.3631625508,PT,#d62728,#c8f442,Afonso Florence,BA,322
167493,-1.099015734,0.5307413379,1.734977332,PDT,#32cd32,#ed5915,Weverton Rocha,MA,319
74016,0.2832141535,-2.628137119,-0.3300669019,PSC,#8c564b,#8c564b,Costa Ferreira,MA,315
164361,4.681485737,3.995893194,-1.743228775,PT,#d62728,#c8f442,Marina Santanna,GO,312
162490,-9.98673919,2.730985979,-1.206068528,PSDB,#1f77b4,#e8105f,Valdivino de Oliveira,GO,308
74635,-0.7955818289,1.440228968,-2.748188888,PP,#008000,#008000,Mário Negromonte,BA,301
92776,-2.315250022,0.07981372607,0.6904850425,PSB,#90ee90,#90ee90,Stefano Aguiar,MG,300
73945,-5.005022824,1.984523449,-3.354091173,SDD,#ff8c00,#15e2ed,Eduardo Gomes,TO,299
74222,0.2643677935,-2.16624429,-4.269452663,PMDB,#393b79,#393b79,Asdrubal Bentes,PA,299
168447,-1.004314122,-0.3249693042,-3.542355541,PMDB,#393b79,#393b79,Mário Feitoza,CE,299
74172,-3.282645052,0.07037529207,0.03768438352,PTB,#9467bd,#154bed,Deley,RJ,296
141560,-5.393131575,0.1371677463,-0.4002014064,PSD,#660000,#660000,Walter Ihoshi,SP,296
141497,-3.149069074,1.933568783,-0.4732691289,PSB,#90ee90,#90ee90,Márcio França,SP,295
74145,1.038520436,6.127660245,-3.503527823,PT,#d62728,#c8f442,Zezéu Ribeiro,BA,294
167614,0.5402804571,1.701524895,1.230310611,PSB,#90ee90,#90ee90,Severino Ninho,PE,292
160612,-3.784166025,0.4767004003,-2.727773894,PSD,#660000,#660000,Sergio Zveiter,RJ,291
73892,0.1026724418,-1.628936408,-4.22766954,PMDB,#393b79,#393b79,Eliseu Padilha,RS,289
141448,0.5200160525,-0.5369993495,-4.31043643,PSD,#660000,#660000,Homero Pereira,MT,288
133372,1.574862976,-1.835743577,-5.467305449,PMDB,#393b79,#393b79,Natan Donadon,RO,285
74321,-3.649639626,2.1783954,-3.607453609,PP,#008000,#008000,Betinho Rosado,RN,279
73655,-9.734118492,4.942224292,0.3082359443,SDD,#ff8c00,#15e2ed,Augusto Carvalho,DF,278
160634,0.2901810056,1.24359461,0.1989151866,PRP,#aaaaaa,#f9a4a4,Chico das Verduras,RR,276
141525,1.763178951,-1.801059177,-1.318369558,PP,#008000,#008000,Rebecca Garcia,AM,276
168175,-6.842650203,0.3262461117,0.08587899859,SDD,#ff8c00,#15e2ed,Simplício Araújo,MA,269
74095,-9.14688877,2.43566711,-1.496833422,DEM,#f08080,#5b1058,Pauderney Avelino,AM,269
149327,-5.806790024,0.4380558603,0.7424438993,PROS,#ffa500,#ffa500,Major Fábio,PB,268
141387,1.172984675,-1.413533336,-4.26576695,PMDB,#393b79,#393b79,Antônio Andrade,MG,267
143632,1.632036045,1.282645817,-3.046844369,PROS,#ffa500,#ffa500,Domingos Neto,CE,262
73478,-2.558905194,2.00835622,0.4184589008,PSB,#90ee90,#90ee90,Beto Albuquerque,RS,259
74686,1.432675891,6.500586946,-1.499356556,PT,#d62728,#c8f442,Jorge Bittar,RJ,259
160632,0.4683586181,-1.26848019,0.1151963572,SDD,#ff8c00,#15e2ed,Zé Silva,MG,255
122195,-2.993761981,-0.3990381829,-1.561076413,PSC,#8c564b,#8c564b,Leonardo Gadelha,PB,252
74111,-1.494771801,1.181174414,-4.65820367,PP,#008000,#008000,Pedro Henry,MT,252
74352,-6.811925146,1.619460745,-0.9983373523,PSDB,#1f77b4,#e8105f,Nilson Pinto,PA,250
74191,-2.031163044,0.2605790386,-3.161735066,PMDB,#393b79,#393b79,Osvaldo Reis,TO,250
74751,1.72513389,6.517477221,-2.048681923,PT,#d62728,#c8f442,Nilmário Miranda,MG,250
73937,1.652778453,5.992248623,-1.418139394,PT,#d62728,#c8f442,Anselmo de Jesus,RO,250
172029,0.8111774561,6.072477593,-2.48159141,PT,#d62728,#c8f442,Francisco Chagas,SP,250
171621,-3.444711861,2.756317076,0.7595891753,PV,#e377c2,#e377c2,Eurico Júnior,RJ,250
171622,-1.304535875,1.422348603,-0.1708476133,PR,#ffbb78,#ffbb78,Manuel Rosa Neca,RJ,250
171623,-2.083149792,-1.001944185,-2.312777452,PMDB,#393b79,#393b79,Fabio Reis,SE,250
141467,-3.897383832,1.80539981,-1.475948686,PMN,#aaaaaa,#aaaaaa,Francisco Tenório,AL,250
74780,1.708376308,7.147499784,-2.200428845,PT,#d62728,#c8f442,Iara Bernardi,SP,250
141551,-5.177988627,1.704886846,-2.325663892,PSD,#660000,#660000,Urzeni Rocha,RR,250
171617,1.623924371,6.680734911,-2.113301442,PT,#d62728,#c8f442,Paulão,AL,250
171618,-6.699791314,0.6449695242,0.8566389281,DEM,#f08080,#5b1058,Luiz de Deus,BA,250
171619,2.270119618,7.26577447,-2.41787247,PT,#d62728,#c8f442,Margarida Salomão,MG,250
160640,0.503937224,-1.074090809,-1.554059217,PTB,#9467bd,#154bed,Eros Biondini,MG,249
141433,-0.2828213465,-0.8715991411,-1.255156794,PSC,#8c564b,#8c564b,Filipe Pereira,RJ,248
74284,-6.13179962,4.176956977,-2.040784858,PSB,#90ee90,#90ee90,Walter Feldman,SP,246
160554,-7.193376909,3.900980148,-3.952890125,SDD,#ff8c00,#15e2ed,Berinho Bantim,RR,245
109372,2.889890966,6.563463835,-1.118333081,PT,#d62728,#c8f442,Paulo Ferreira,RS,244
169712,-4.838022894,2.371572974,-0.6830925226,PSB,#90ee90,#90ee90,Alexandre Toledo,AL,242
165583,-6.001969681,2.921012376,-3.969887878,PSDB,#1f77b4,#e8105f,Carlos Roberto,SP,240
73786,-0.8704744176,-1.988671596,-1.759663134,PSD,#660000,#660000,Reinhold Stephanes,PR,240
141506,-0.4538298055,0.1574931026,-3.611057733,PROS,#ffa500,#ffa500,Maurício Trindade,BA,229
173269,-1.625246838,0.4816751323,-2.899981673,PMDB,#393b79,#393b79,Akira Otsubo,MS,226
141403,-1.40136039,-0.450870131,-2.560839246,PSC,#8c564b,#8c564b,Ratinho Junior,PR,220
170673,-3.277653971,0.1024933022,-1.653553639,PSC,#8c564b,#8c564b,Professor Sérgio de Oliveira,PR,208
160562,0.8624719279,-0.7690973704,-4.271621199,PMDB,#393b79,#393b79,Giroto,MS,202
74230,-2.676315034,0.4812018294,-4.898610485,PMDB,#393b79,#393b79,Colbert Martins,BA,199
146613,-2.254653866,3.577580523,-5.179860531,PMDB,#393b79,#393b79,Marcelo Almeida,PR,195
141445,2.579584686,1.976337915,-3.218180982,PT,#d62728,#c8f442,Pepe Vargas,RS,184